{"normB": [0.0003880563599523157, 0.41854649782180786], "normF": [12.14547348022461, 0.6591810584068298], "normT": [58.73099136352539, 24.08185386657715], "normH_dc": [13.425516128540039, 12.019094467163086], "normP": [11.111661911010742, 1.739147663116455]}